{"is_source_file": false, "format": "", "description": "", "external_files": [], "external_methods": [], "published": [], "classes": [], "methods": [], "calls": [], "search-terms": [], "state": 2, "file_id": 5, "knowledge_revision": 18, "git_revision": "e4042c25dedc9a61383b8e217e6735b3a0eca78b", "hash": "be6538e7523bc2e9da0743133d784136", "format-version": 4, "code-base-name": "mobile_app", "filename": "mobile_app/eslint.config.mjs", "revision_history": [{"18": "e4042c25dedc9a61383b8e217e6735b3a0eca78b"}]}