{"is_source_file": false, "format": "", "description": "", "external_files": [], "external_methods": [], "published": [], "classes": [], "methods": [], "calls": [], "search-terms": [], "state": 2, "file_id": 1, "knowledge_revision": 14, "git_revision": "e4042c25dedc9a61383b8e217e6735b3a0eca78b", "hash": "d2b40d02d5f7873d8a6713bad837edd4", "format-version": 4, "code-base-name": "mobile_app", "filename": "mobile_app/public/index.html", "revision_history": [{"14": "e4042c25dedc9a61383b8e217e6735b3a0eca78b"}]}