{"is_source_file": false, "format": "", "description": "", "external_files": [], "external_methods": [], "published": [], "classes": [], "methods": [], "calls": [], "search-terms": [], "state": 2, "file_id": 3, "knowledge_revision": 16, "git_revision": "e4042c25dedc9a61383b8e217e6735b3a0eca78b", "hash": "d001d53c059625c4bcf75bf5a7f3fcf0", "format-version": 4, "code-base-name": "mobile_app", "filename": "mobile_app/package.json", "revision_history": [{"16": "e4042c25dedc9a61383b8e217e6735b3a0eca78b"}]}