{"is_source_file": false, "format": "JSON", "description": "", "external_files": [], "external_methods": [], "published": [], "classes": [], "methods": [], "calls": [], "search-terms": [], "state": 2, "file_id": 2, "knowledge_revision": 17, "git_revision": "e4042c25dedc9a61383b8e217e6735b3a0eca78b", "hash": "d9d975cebe2ec20b6c652e1e4c12ccf0", "format-version": 4, "code-base-name": "mobile_app", "filename": "mobile_app/public/manifest.json", "revision_history": [{"17": "e4042c25dedc9a61383b8e217e6735b3a0eca78b"}]}