{"is_source_file": false, "format": "", "description": "", "external_files": [], "external_methods": [], "published": [], "classes": [], "methods": [], "calls": [], "search-terms": [], "state": 2, "file_id": 11, "knowledge_revision": 21, "git_revision": "e4042c25dedc9a61383b8e217e6735b3a0eca78b", "hash": "22f9e17cc1848b56dbb244518ac2707e", "format-version": 4, "code-base-name": "mobile_app", "filename": "mobile_app/src/App.css", "revision_history": [{"21": "e4042c25dedc9a61383b8e217e6735b3a0eca78b"}]}