{"is_source_file": true, "format": "JavaScript (React JSX)", "description": "A React functional component named App that manages a theme state ('light' or 'dark'), provides a toggle button to switch themes, and renders a simple UI with logo, instructions, and a link.", "external_files": ["./logo.svg", "./App.css"], "external_methods": ["document.documentElement.setAttribute"], "published": ["App"], "classes": [], "methods": ["toggleTheme"], "calls": ["setTheme", "document.documentElement.setAttribute"], "search-terms": ["React functional component", "useState", "useEffect", "theme toggle", "App.js"], "state": 2, "file_id": 9, "knowledge_revision": 12, "git_revision": "", "ctags": [{"_type": "tag", "name": "App", "path": "/home/kavia/workspace/code-generation/musicstream-pro-319814-319834/mobile_app/src/App.js", "pattern": "/^function App() {$/", "language": "JavaScript", "kind": "function", "signature": "()"}, {"_type": "tag", "name": "Switch to ${theme === 'light' ? 'dark' : 'light'} mode", "path": "/home/kavia/workspace/code-generation/musicstream-pro-319814-319834/mobile_app/src/App.js", "pattern": "/^          aria-label={`Switch to ${theme === 'light' ? 'dark' : 'light'} mode`}$/", "language": "JavaScript", "kind": "field", "scope": "App.aria", "scopeKind": "class"}, {"_type": "tag", "name": "toggleTheme", "path": "/home/kavia/workspace/code-generation/musicstream-pro-319814-319834/mobile_app/src/App.js", "pattern": "/^          onClick={toggleTheme}$/", "language": "JavaScript", "kind": "field", "scope": "App.onClick", "scopeKind": "class"}], "hash": "b55dd9e6a018e59207d8e277dffd9e11", "format-version": 4, "code-base-name": "mobile_app", "filename": "mobile_app/src/App.js"}