{"is_source_file": true, "format": "JavaScript (React JSX)", "description": "This file is the entry point for a React application, setting up the root element and rendering the main App component.", "external_files": ["./App", "./index.css"], "external_methods": ["ReactDOM.createRoot", "root.render"], "published": [], "classes": [], "methods": [{"name": "root.render", "description": "Renders React elements into the DOM."}], "calls": ["ReactDOM.createRoot", "root.render"], "search-terms": ["entry point", "ReactDOM", "root.render", "App component", "index.js"], "state": 2, "file_id": 10, "knowledge_revision": 24, "git_revision": "e4042c25dedc9a61383b8e217e6735b3a0eca78b", "ctags": [{"_type": "tag", "name": "root", "path": "/home/kavia/workspace/code-generation/musicstream-pro-319814-319834/mobile_app/src/index.js", "pattern": "/^const root = ReactDOM.createRoot(document.getElementById('root'));$/", "language": "JavaScript", "kind": "constant"}], "hash": "9fc5841375336fc175b49f8767a11383", "format-version": 4, "code-base-name": "mobile_app", "filename": "mobile_app/src/index.js", "revision_history": [{"24": "e4042c25dedc9a61383b8e217e6735b3a0eca78b"}]}