{"is_source_file": false, "format": "", "description": "", "external_files": [], "external_methods": [], "published": [], "classes": [], "methods": [], "calls": [], "search-terms": [], "state": 2, "file_id": 6, "knowledge_revision": 19, "git_revision": "e4042c25dedc9a61383b8e217e6735b3a0eca78b", "hash": "6c2104b8d219ed99234ae2d6329f4357", "format-version": 4, "code-base-name": "mobile_app", "filename": "mobile_app/src/index.css", "revision_history": [{"19": "e4042c25dedc9a61383b8e217e6735b3a0eca78b"}]}