{"is_source_file": true, "format": "JavaScript", "description": "This is a test setup file for configuring Jest with additional matchers from the @testing-library/jest-dom library, used to enhance DOM assertions in test cases.", "external_files": ["@testing-library/jest-dom"], "external_methods": [], "published": [], "classes": [], "methods": [], "calls": ["import '@testing-library/jest-dom'"], "search-terms": ["setupTests.js", "jest-dom", "testing library", "Jest configuration"], "state": 2, "file_id": 8, "knowledge_revision": 22, "git_revision": "e4042c25dedc9a61383b8e217e6735b3a0eca78b", "ctags": [], "hash": "1a77571e1a8cf36018a41bcedf60db75", "format-version": 4, "code-base-name": "mobile_app", "filename": "mobile_app/src/setupTests.js", "revision_history": [{"22": "e4042c25dedc9a61383b8e217e6735b3a0eca78b"}]}