{"is_source_file": false, "format": "", "description": "", "external_files": [], "external_methods": [], "published": [], "classes": [], "methods": [], "calls": [], "search-terms": [], "state": 2, "file_id": 4, "knowledge_revision": 15, "git_revision": "e4042c25dedc9a61383b8e217e6735b3a0eca78b", "hash": "ebece526bc2eadd78ddd787a76c56607", "format-version": 4, "code-base-name": "mobile_app", "filename": "mobile_app/README.md", "revision_history": [{"15": "e4042c25dedc9a61383b8e217e6735b3a0eca78b"}]}